xmin	xmax	key	clickSelects	showSelected2	PANEL	group
0.0228124498389661	0.024656337685883	1 0.0237343937624246	X1<0.023734	1	1	3
0.024656337685883	0.0250503565184772	1 0.0248533471021801	X1<0.024853	1	1	4
0.0250503565184772	0.0368684707209468	1 0.030959413619712	X1<0.030959	1	1	6
0.0368684707209468	0.0421755260322243	1 0.0395219983765855	X1<0.039522	1	1	8
0.0421755260322243	0.0449652001261711	1 0.0435703630791977	X1<0.043570	1	1	11
0.0449652001261711	0.0651816572062671	1 0.0550734286662191	X1<0.055073	1	1	19
0.0651816572062671	0.0659355104435235	1 0.0655585838248953	X1<0.065559	1	1	23
0.0659355104435235	0.0749794247094542	1 0.0704574675764889	X1<0.070457	1	1	24
0.0749794247094542	0.0776955692563206	1 0.0763374969828874	X1<0.076337	1	1	26
0.0776955692563206	0.0792641821317375	1 0.078479875694029	X1<0.078480	1	1	28
0.0792641821317375	0.0849897842854261	1 0.0821269832085818	X1<0.082127	1	1	30
0.0849897842854261	0.0871593176852912	1 0.0860745509853587	X1<0.086075	1	1	32
0.0871593176852912	0.0930251874960959	1 0.0900922525906935	X1<0.090092	1	1	34
0.0930251874960959	0.101073444122449	1 0.0970493158092722	X1<0.097049	1	1	37
0.101073444122449	0.105083768488839	1 0.103078606305644	X1<0.103079	1	1	40
0.105083768488839	0.1105548995547	1 0.107819334021769	X1<0.107819	1	1	42
0.1105548995547	0.115084075368941	1 0.11281948746182	X1<0.112819	1	1	44
0.115084075368941	0.11530912690796	1 0.11519660113845	X1<0.115197	1	1	45
0.11530912690796	0.11828445433639	1 0.116796790622175	X1<0.116797	1	1	46
0.11828445433639	0.128676982596517	1 0.123480718466453	X1<0.123481	1	1	48
0.128676982596517	0.129158976720646	1 0.128917979658581	X1<0.128918	1	1	49
0.129158976720646	0.1306202406995	1 0.129889608710073	X1<0.129890	1	1	50
0.1306202406995	0.132372003281489	1 0.131496121990494	X1<0.131496	1	1	51
0.132372003281489	0.138744306750596	1 0.135558155016042	X1<0.135558	1	1	53
0.138744306750596	0.1474177793134	1 0.143081043031998	X1<0.143081	1	1	54
0.1474177793134	0.149246862856671	1 0.148332321085036	X1<0.148332	1	1	56
0.149246862856671	0.150469752028584	1 0.149858307442628	X1<0.149858	1	1	58
0.150469752028584	0.150501440744847	1 0.150485596386716	X1<0.150486	1	1	59
0.150501440744847	0.163200871786103	1 0.156851156265475	X1<0.156851	1	1	62
0.163200871786103	0.164642242016271	1 0.163921556901187	X1<0.163922	1	1	65
0.164642242016271	0.164833495859057	1 0.164737868937664	X1<0.164738	1	1	66
0.164833495859057	0.168051920365542	1 0.166442708112299	X1<0.166443	1	1	67
0.168051920365542	0.172242468455806	1 0.170147194410674	X1<0.170147	1	1	69
0.172242468455806	0.178135111229494	1 0.17518878984265	X1<0.175189	1	1	70
0.178135111229494	0.178453260334209	1 0.178294185781851	X1<0.178294	1	1	72
0.178453260334209	0.180820100707933	1 0.179636680521071	X1<0.179637	1	1	73
0.180820100707933	0.182174213463441	1 0.181497157085687	X1<0.181497	1	1	75
0.182174213463441	0.183373228181154	1 0.182773720822297	X1<0.182774	1	1	76
0.183373228181154	0.184673463227227	1 0.18402334570419	X1<0.184023	1	1	77
0.184673463227227	0.18488225992769	1 0.184777861577459	X1<0.184778	1	1	78
0.18488225992769	0.185263509862125	1 0.185072884894907	X1<0.185073	1	1	79
0.185263509862125	0.19677682663314	1 0.191020168247633	X1<0.191020	1	1	81
0.19677682663314	0.199721848359332	1 0.198249337496236	X1<0.198249	1	1	85
0.199721848359332	0.199976529926062	1 0.199849189142697	X1<0.199849	1	1	86
0.199976529926062	0.200934729538858	1 0.20045562973246	X1<0.200456	1	1	88
0.200934729538858	0.201554203871638	1 0.201244466705248	X1<0.201244	1	1	89
0.201554203871638	0.206109444377944	1 0.203831824124791	X1<0.203832	1	1	91
0.206109444377944	0.218675193376839	1 0.212392318877392	X1<0.212392	1	1	96
0.218675193376839	0.225825461093336	1 0.222250327235088	X1<0.222250	1	1	101
0.225825461093336	0.23889475944452	1 0.232360110268928	X1<0.232360	1	1	104
0.23889475944452	0.240982897812501	1 0.23993882862851	X1<0.239939	1	1	106
0.240982897812501	0.245290916413069	1 0.243136907112785	X1<0.243137	1	1	109
0.245290916413069	0.25675134267658	1 0.251021129544824	X1<0.251021	1	1	111
0.25675134267658	0.260300035355613	1 0.258525689016096	X1<0.258526	1	1	117
0.260300035355613	0.273866681847721	1 0.267083358601667	X1<0.267083	1	1	120
0.273866681847721	0.27540119853802	1 0.274633940192871	X1<0.274634	1	1	122
0.27540119853802	0.275701026665047	1 0.275551112601534	X1<0.275551	1	1	123
0.275701026665047	0.284158946480602	1 0.279929986572824	X1<0.279930	1	1	124
0.284158946480602	0.284870574250817	1 0.28451476036571	X1<0.284515	1	1	126
0.284870574250817	0.285434210672975	1 0.285152392461896	X1<0.285152	1	1	127
0.285434210672975	0.286973854992539	1 0.286204032832757	X1<0.286204	1	1	128
0.286973854992539	0.288059732178226	1 0.287516793585382	X1<0.287517	1	1	129
0.288059732178226	0.291410150937736	1 0.289734941557981	X1<0.289735	1	1	131
0.291410150937736	0.292064977344126	1 0.291737564140931	X1<0.291738	1	1	132
0.292064977344126	0.296887998003513	1 0.294476487673819	X1<0.294476	1	1	133
0.296887998003513	0.297010735142976	1 0.296949366573244	X1<0.296949	1	1	134
0.297010735142976	0.300100281601772	1 0.298555508372374	X1<0.298556	1	1	136
0.300100281601772	0.305103095248342	1 0.302601688425057	X1<0.302602	1	1	137
0.305103095248342	0.310381097486243	1 0.307742096367292	X1<0.307742	1	1	138
0.310381097486243	0.311657001264393	1 0.311019049375318	X1<0.311019	1	1	140
0.311657001264393	0.315865243552253	1 0.313761122408323	X1<0.313761	1	1	141
0.315865243552253	0.323722436791286	1 0.319793840171769	X1<0.319794	1	1	142
0.323722436791286	0.335945603903383	1 0.329834020347334	X1<0.329834	1	1	144
0.335945603903383	0.340068240184337	1 0.33800692204386	X1<0.338007	1	1	147
0.340068240184337	0.34727224893868	1 0.343670244561508	X1<0.343670	1	1	149
0.34727224893868	0.349088410614058	1 0.348180329776369	X1<0.348180	1	1	150
0.349088410614058	0.349396759876981	1 0.34924258524552	X1<0.349243	1	1	152
0.349396759876981	0.350642574951053	1 0.350019667414017	X1<0.350020	1	1	153
0.350642574951053	0.357062590075657	1 0.353852582513355	X1<0.353853	1	1	154
0.357062590075657	0.360762583091855	1 0.358912586583756	X1<0.358913	1	1	157
0.360762583091855	0.373358564451337	1 0.367060573771596	X1<0.367061	1	1	160
0.373358564451337	0.379998879274353	1 0.376678721862845	X1<0.376679	1	1	162
0.379998879274353	0.387549542589113	1 0.383774210931733	X1<0.383774	1	1	163
0.387549542589113	0.387944190762937	1 0.387746866676025	X1<0.387747	1	1	165
0.387944190762937	0.388144757598639	1 0.388044474180788	X1<0.388044	1	1	166
0.388144757598639	0.394047617446631	1 0.391096187522635	X1<0.391096	1	1	167
0.394047617446631	0.397016411880031	1 0.395532014663331	X1<0.395532	1	1	170
0.397016411880031	0.399517551530153	1 0.398266981705092	X1<0.398267	1	1	172
0.399517551530153	0.401101037859917	1 0.400309294695035	X1<0.400309	1	1	174
0.401101037859917	0.402642735978588	1 0.401871886919253	X1<0.401872	1	1	175
0.402642735978588	0.405282181221992	1 0.40396245860029	X1<0.403962	1	1	176
0.405282181221992	0.406686355127022	1 0.405984268174507	X1<0.405984	1	1	177
0.406686355127022	0.426943402737379	1 0.4168148789322	X1<0.416815	1	1	179
0.426943402737379	0.42763907276094	1 0.427291237749159	X1<0.427291	1	1	181
0.42763907276094	0.437488002004102	1 0.432563537382521	X1<0.432564	1	1	182
0.437488002004102	0.440031654201448	1 0.438759828102775	X1<0.438760	1	1	184
0.440031654201448	0.443673961563036	1 0.441852807882242	X1<0.441853	1	1	185
0.443673961563036	0.444809229113162	1 0.444241595338099	X1<0.444242	1	1	186
0.444809229113162	0.453377000289038	1 0.4490931147011	X1<0.449093	1	1	188
0.453377000289038	0.461501105222851	1 0.457439052755944	X1<0.457439	1	1	190
0.461501105222851	0.463808179134503	1 0.462654642178677	X1<0.462655	1	1	192
0.463808179134503	0.468018515501171	1 0.465913347317837	X1<0.465913	1	1	193
0.468018515501171	0.478578082984313	1 0.473298299242742	X1<0.473298	1	1	195
0.478578082984313	0.488773231394589	1 0.483675657189451	X1<0.483676	1	1	199
0.488773231394589	0.501969880890101	1 0.495371556142345	X1<0.495372	1	1	202
0.501969880890101	0.503050235565752	1 0.502510058227926	X1<0.502510	1	1	205
0.503050235565752	0.514281762996689	1 0.50866599928122	X1<0.508666	1	1	207
0.514281762996689	0.533543303376064	1 0.523912533186376	X1<0.523913	1	1	211
0.533543303376064	0.538869451731443	1 0.536206377553754	X1<0.536206	1	1	215
0.538869451731443	0.544004307826981	1 0.541436879779212	X1<0.541437	1	1	218
0.544004307826981	0.54998374171555	1 0.546994024771266	X1<0.546994	1	1	219
0.54998374171555	0.55267406697385	1 0.5513289043447	X1<0.551329	1	1	221
0.55267406697385	0.560387630248442	1 0.556530848611146	X1<0.556531	1	1	222
0.560387630248442	0.562836518744007	1 0.561612074496225	X1<0.561612	1	1	223
0.562836518744007	0.569002080941573	1 0.56591929984279	X1<0.565919	1	1	225
0.569002080941573	0.57174574653618	1 0.570373913738877	X1<0.570374	1	1	226
0.57174574653618	0.57268500351347	1 0.572215375024825	X1<0.572215	1	1	227
0.57268500351347	0.573326334822923	1 0.573005669168197	X1<0.573006	1	1	229
0.573326334822923	0.574376940494403	1 0.573851637658663	X1<0.573852	1	1	230
0.574376940494403	0.595916896825656	1 0.58514691866003	X1<0.585147	1	1	232
0.595916896825656	0.613952909596264	1 0.60493490321096	X1<0.604935	1	1	235
0.613952909596264	0.625121729681268	1 0.619537319638766	X1<0.619537	1	1	239
0.625121729681268	0.627196286572143	1 0.626159008126706	X1<0.626159	1	1	240
0.627196286572143	0.629469827050343	1 0.628333056811243	X1<0.628333	1	1	242
0.629469827050343	0.650508983526379	1 0.639989405288361	X1<0.639989	1	1	245
0.650508983526379	0.651054438902065	1 0.650781711214222	X1<0.650782	1	1	249
0.651054438902065	0.661898758495227	1 0.656476598698646	X1<0.656477	1	1	252
0.661898758495227	0.665608417475596	1 0.663753587985411	X1<0.663754	1	1	254
0.665608417475596	0.667225647717714	1 0.666417032596655	X1<0.666417	1	1	256
0.667225647717714	0.668163536582142	1 0.667694592149928	X1<0.667695	1	1	257
0.668163536582142	0.671998928301036	1 0.670081232441589	X1<0.670081	1	1	258
0.671998928301036	0.683403422823176	1 0.677701175562106	X1<0.677701	1	1	263
0.683403422823176	0.693654086906463	1 0.688528754864819	X1<0.688529	1	1	267
0.693654086906463	0.702374035958201	1 0.698014061432332	X1<0.698014	1	1	271
0.702374035958201	0.710185730131343	1 0.706279883044772	X1<0.706280	1	1	274
0.710185730131343	0.730200940044597	1 0.72019333508797	X1<0.720193	1	1	277
0.730200940044597	0.733191433362663	1 0.73169618670363	X1<0.731696	1	1	279
0.733191433362663	0.736311374930665	1 0.734751404146664	X1<0.734751	1	1	280
0.736311374930665	0.748599962564185	1 0.742455668747425	X1<0.742456	1	1	282
0.748599962564185	0.755462416447699	1 0.752031189505942	X1<0.752031	1	1	285
0.755462416447699	0.757211570162326	1 0.756336993305013	X1<0.756337	1	1	288
0.757211570162326	0.758382907602936	1 0.757797238882631	X1<0.757797	1	1	290
0.758382907602936	0.760513313114643	1 0.75944811035879	X1<0.759448	1	1	291
0.760513313114643	0.770027856575325	1 0.765270584844984	X1<0.765271	1	1	293
0.770027856575325	0.779880527406931	1 0.774954191991128	X1<0.774954	1	1	296
0.779880527406931	0.780252998694778	1 0.780066763050854	X1<0.780067	1	1	298
0.780252998694778	0.785878912778571	1 0.783065955736674	X1<0.783066	1	1	300
0.785878912778571	0.794285444775596	1 0.790082178777084	X1<0.790082	1	1	302
0.794285444775596	0.794863823568448	1 0.794574634172022	X1<0.794575	1	1	303
0.794863823568448	0.810192144475877	1 0.802527984022163	X1<0.802528	1	1	305
0.810192144475877	0.810397262685001	1 0.810294703580439	X1<0.810295	1	1	308
0.810397262685001	0.811859695473686	1 0.811128479079343	X1<0.811128	1	1	309
0.811859695473686	0.813695673830807	1 0.812777684652247	X1<0.812778	1	1	311
0.813695673830807	0.817796719493344	1 0.815746196662076	X1<0.815746	1	1	312
0.817796719493344	0.825328013394028	1 0.821562366443686	X1<0.821562	1	1	314
0.825328013394028	0.828922125510871	1 0.82712506945245	X1<0.827125	1	1	316
0.828922125510871	0.833448815625161	1 0.831185470568016	X1<0.831185	1	1	318
0.833448815625161	0.836889176862314	1 0.835168996243738	X1<0.835169	1	1	320
0.836889176862314	0.837111808825284	1 0.837000492843799	X1<0.837000	1	1	321
0.837111808825284	0.84037117776461	1 0.838741493294947	X1<0.838741	1	1	323
0.84037117776461	0.844429003074765	1 0.842400090419687	X1<0.842400	1	1	324
0.844429003074765	0.853548452956602	1 0.848988728015684	X1<0.848989	1	1	326
0.853548452956602	0.853720766957849	1 0.853634609957226	X1<0.853635	1	1	329
0.853720766957849	0.856525000883266	1 0.855122883920558	X1<0.855123	1	1	330
0.856525000883266	0.859073117841035	1 0.857799059362151	X1<0.857799	1	1	332
0.859073117841035	0.867844662396237	1 0.863458890118636	X1<0.863459	1	1	336
0.867844662396237	0.868861036840826	1 0.868352849618532	X1<0.868353	1	1	338
0.868861036840826	0.872696340316907	1 0.870778688578866	X1<0.870779	1	1	339
0.872696340316907	0.885737232398242	1 0.879216786357574	X1<0.879217	1	1	343
0.885737232398242	0.886984157143161	1 0.886360694770701	X1<0.886361	1	1	347
0.886984157143161	0.895147221162915	1 0.891065689153038	X1<0.891066	1	1	349
0.895147221162915	0.898971946211532	1 0.897059583687223	X1<0.897060	1	1	352
0.898971946211532	0.903800030937418	1 0.901385988574475	X1<0.901386	1	1	353
0.903800030937418	0.919276255881414	1 0.911538143409416	X1<0.911538	1	1	355
0.919276255881414	0.929720221785828	1 0.924498238833621	X1<0.924498	1	1	359
0.929720221785828	0.943474958650768	1 0.936597590218298	X1<0.936598	1	1	361
0.943474958650768	0.943839338840917	1 0.943657148745842	X1<0.943657	1	1	362
0.943839338840917	0.944041808135808	1 0.943940573488362	X1<0.943941	1	1	363
0.944041808135808	0.945244047325104	1 0.944642927730456	X1<0.944643	1	1	364
0.945244047325104	0.945268080569804	1 0.945256063947454	X1<0.945256	1	1	366
0.945268080569804	0.952700236812234	1 0.948984158691019	X1<0.948984	1	1	367
0.952700236812234	0.953633589204401	1 0.953166913008317	X1<0.953167	1	1	368
0.953633589204401	0.962644048267975	1 0.958138818736188	X1<0.958139	1	1	370
0.962644048267975	0.963759744539857	1 0.963201896403916	X1<0.963202	1	1	371
0.963759744539857	0.965781801613048	1 0.964770773076452	X1<0.964771	1	1	373
0.965781801613048	0.971515428507701	1 0.968648615060374	X1<0.968649	1	1	374
0.971515428507701	0.974687897600234	1 0.973101663053967	X1<0.973102	1	1	376
0.974687897600234	0.97496451321058	1 0.974826205405407	X1<0.974826	1	1	377
0.97496451321058	0.975481075001881	1 0.97522279410623	X1<0.975223	1	1	379
0.975481075001881	0.976398489437997	1 0.975939782219939	X1<0.975940	1	1	380
0.976398489437997	0.976755184587091	1 0.976576837012544	X1<0.976577	1	1	381
0.0178985111415386	0.0197318226564676	1 0.0188151668990031	X2<0.018815	1	2	1
0.0197318226564676	0.0218871515244246	1 0.0208094870904461	X2<0.020809	1	2	2
0.0218871515244246	0.0305523870047182	1 0.0262197692645714	X2<0.026220	1	2	5
0.0305523870047182	0.0407166101504117	1 0.035634498577565	X2<0.035634	1	2	7
0.0407166101504117	0.0423548372928053	1 0.0415357237216085	X2<0.041536	1	2	9
0.0423548372928053	0.0445446039084345	1 0.0434497206006199	X2<0.043450	1	2	10
0.0445446039084345	0.045738689834252	1 0.0451416468713433	X2<0.045142	1	2	12
0.045738689834252	0.0475980096962303	1 0.0466683497652411	X2<0.046668	1	2	13
0.0475980096962303	0.050650333520025	1 0.0491241716081277	X2<0.049124	1	2	14
0.050650333520025	0.0509465073700994	1 0.0507984204450622	X2<0.050798	1	2	15
0.0509465073700994	0.0514353215694428	1 0.0511909144697711	X2<0.051191	1	2	16
0.0514353215694428	0.0521602521184832	1 0.051797786843963	X2<0.051798	1	2	17
0.0521602521184832	0.0548609865363687	1 0.053510619327426	X2<0.053511	1	2	18
0.0548609865363687	0.0576484517659992	1 0.056254719151184	X2<0.056255	1	2	20
0.0576484517659992	0.0583229728508741	1 0.0579857123084366	X2<0.057986	1	2	21
0.0583229728508741	0.0703983413986862	1 0.0643606571247801	X2<0.064361	1	2	22
0.0703983413986862	0.0729995195288211	1 0.0716989304637536	X2<0.071699	1	2	25
0.0729995195288211	0.0804056408815086	1 0.0767025802051648	X2<0.076703	1	2	27
0.0804056408815086	0.0808626485522836	1 0.0806341447168961	X2<0.080634	1	2	29
0.0808626485522836	0.0892610601149499	1 0.0850618543336168	X2<0.085062	1	2	31
0.0892610601149499	0.0896180924028158	1 0.0894395762588829	X2<0.089440	1	2	33
0.0896180924028158	0.0946140429005027	1 0.0921160676516593	X2<0.092116	1	2	35
0.0946140429005027	0.0950373853556812	1 0.0948257141280919	X2<0.094826	1	2	36
0.0950373853556812	0.101665382971987	1 0.0983513841638342	X2<0.098351	1	2	38
0.101665382971987	0.103487114887685	1 0.102576248929836	X2<0.102576	1	2	39
0.103487114887685	0.107764253392816	1 0.10562568414025	X2<0.105626	1	2	41
0.107764253392816	0.112823529634625	1 0.11029389151372	X2<0.110294	1	2	43
0.112823529634625	0.12893533706665	1 0.120879433350638	X2<0.120879	1	2	47
0.12893533706665	0.140085093677044	1 0.134510215371847	X2<0.134510	1	2	52
0.140085093677044	0.148189591243863	1 0.144137342460454	X2<0.144137	1	2	55
0.148189591243863	0.151410281192511	1 0.149799936218187	X2<0.149800	1	2	57
0.151410281192511	0.152120635611936	1 0.151765458402224	X2<0.151765	1	2	60
0.152120635611936	0.156375913182274	1 0.154248274397105	X2<0.154248	1	2	61
0.156375913182274	0.159290118375793	1 0.157833015779033	X2<0.157833	1	2	63
0.159290118375793	0.164108450291678	1 0.161699284333736	X2<0.161699	1	2	64
0.164108450291678	0.174981040414423	1 0.169544745353051	X2<0.169545	1	2	68
0.174981040414423	0.177149523049593	1 0.176065281732008	X2<0.176065	1	2	71
0.177149523049593	0.182820469839498	1 0.179984996444546	X2<0.179985	1	2	74
0.182820469839498	0.188356303144246	1 0.185588386491872	X2<0.185588	1	2	80
0.188356303144246	0.194289194187149	1 0.191322748665698	X2<0.191323	1	2	82
0.194289194187149	0.195784424664453	1 0.195036809425801	X2<0.195037	1	2	83
0.195784424664453	0.199217760702595	1 0.197501092683524	X2<0.197501	1	2	84
0.199217760702595	0.200573988491669	1 0.199895874597132	X2<0.199896	1	2	87
0.200573988491669	0.206508502364159	1 0.203541245427914	X2<0.203541	1	2	90
0.206508502364159	0.209694300312549	1 0.208101401338354	X2<0.208101	1	2	92
0.209694300312549	0.209838527487591	1 0.20976641390007	X2<0.209766	1	2	93
0.209838527487591	0.209911216050386	1 0.209874871768989	X2<0.209875	1	2	94
0.209911216050386	0.21321823168546	1 0.211564723867923	X2<0.211565	1	2	95
0.21321823168546	0.215196318458766	1 0.214207275072113	X2<0.214207	1	2	97
0.215196318458766	0.216001205379143	1 0.215598761918955	X2<0.215599	1	2	98
0.216001205379143	0.216720590135083	1 0.216360897757113	X2<0.216361	1	2	99
0.216720590135083	0.226738759549335	1 0.221729674842209	X2<0.221730	1	2	100
0.226738759549335	0.22770716319792	1 0.227222961373627	X2<0.227223	1	2	102
0.22770716319792	0.231656596530229	1 0.229681879864074	X2<0.229682	1	2	103
0.231656596530229	0.240568205481395	1 0.236112401005812	X2<0.236112	1	2	105
0.240568205481395	0.242039749631658	1 0.241303977556527	X2<0.241304	1	2	107
0.242039749631658	0.243201080709696	1 0.242620415170677	X2<0.242620	1	2	108
0.243201080709696	0.251560875913128	1 0.247380978311412	X2<0.247381	1	2	110
0.251560875913128	0.256520541151986	1 0.254040708532557	X2<0.254041	1	2	112
0.256520541151986	0.256661231862381	1 0.256590886507183	X2<0.256591	1	2	113
0.256661231862381	0.257141285808757	1 0.256901258835569	X2<0.256901	1	2	114
0.257141285808757	0.257619656389579	1 0.257380471099168	X2<0.257380	1	2	115
0.257619656389579	0.258656927850097	1 0.258138292119838	X2<0.258138	1	2	116
0.258656927850097	0.26171372202225	1 0.260185324936174	X2<0.260185	1	2	118
0.26171372202225	0.26619590446353	1 0.26395481324289	X2<0.263955	1	2	119
0.26619590446353	0.279911691555753	1 0.273053798009641	X2<0.273054	1	2	121
0.279911691555753	0.281820128671825	1 0.280865910113789	X2<0.280866	1	2	125
0.281820128671825	0.293509235838428	1 0.287664682255127	X2<0.287665	1	2	130
0.293509235838428	0.301716960035265	1 0.297613097936846	X2<0.297613	1	2	135
0.301716960035265	0.316445876378566	1 0.309081418206915	X2<0.309081	1	2	139
0.316445876378566	0.328969847410917	1 0.322707861894742	X2<0.322708	1	2	143
0.328969847410917	0.333364723483101	1 0.331167285447009	X2<0.331167	1	2	145
0.333364723483101	0.336741157341749	1 0.335052940412425	X2<0.335053	1	2	146
0.336741157341749	0.339701652759686	1 0.338221405050717	X2<0.338221	1	2	148
0.339701652759686	0.356819598935545	1 0.348260625847615	X2<0.348261	1	2	151
0.356819598935545	0.357089430792257	1 0.356954514863901	X2<0.356955	1	2	155
0.357089430792257	0.357108945958316	1 0.357099188375287	X2<0.357099	1	2	156
0.357108945958316	0.362856285646558	1 0.359982615802437	X2<0.359983	1	2	158
0.362856285646558	0.363511834526435	1 0.363184060086496	X2<0.363184	1	2	159
0.363511834526435	0.376657233573496	1 0.370084534049965	X2<0.370085	1	2	161
0.376657233573496	0.390919700963423	1 0.383788467268459	X2<0.383788	1	2	164
0.390919700963423	0.394460162613541	1 0.392689931788482	X2<0.392690	1	2	168
0.394460162613541	0.394997322699055	1 0.394728742656298	X2<0.394729	1	2	169
0.394997322699055	0.396485476987436	1 0.395741399843246	X2<0.395741	1	2	171
0.396485476987436	0.40109295793809	1 0.398789217462763	X2<0.398789	1	2	173
0.40109295793809	0.414896452100948	1 0.407994705019519	X2<0.407995	1	2	178
0.414896452100948	0.432731891516596	1 0.423814171808772	X2<0.423814	1	2	180
0.432731891516596	0.440876809414476	1 0.436804350465536	X2<0.436804	1	2	183
0.440876809414476	0.448590318439528	1 0.444733563927002	X2<0.444734	1	2	187
0.448590318439528	0.45014444203116	1 0.449367380235344	X2<0.449367	1	2	189
0.45014444203116	0.469402798917145	1 0.459773620474152	X2<0.459774	1	2	191
0.469402798917145	0.474040792323649	1 0.471721795620397	X2<0.471722	1	2	194
0.474040792323649	0.475857608020306	1 0.474949200171977	X2<0.474949	1	2	196
0.475857608020306	0.480166190303862	1 0.478011899162084	X2<0.478012	1	2	197
0.480166190303862	0.485836445586756	1 0.483001317945309	X2<0.483001	1	2	198
0.485836445586756	0.487449982902035	1 0.486643214244395	X2<0.486643	1	2	200
0.487449982902035	0.493701990693808	1 0.490575986797921	X2<0.490576	1	2	201
0.493701990693808	0.499665975570679	1 0.496683983132243	X2<0.496684	1	2	203
0.499665975570679	0.504089607624337	1 0.501877791597508	X2<0.501878	1	2	204
0.504089607624337	0.51006367104128	1 0.507076639332809	X2<0.507077	1	2	206
0.51006367104128	0.516684105619788	1 0.513373888330534	X2<0.513374	1	2	208
0.516684105619788	0.522671096259728	1 0.519677600939758	X2<0.519678	1	2	209
0.522671096259728	0.524250150891021	1 0.523460623575374	X2<0.523461	1	2	210
0.524250150891021	0.528829259332269	1 0.526539705111645	X2<0.526540	1	2	212
0.528829259332269	0.53408810053952	1 0.531458679935895	X2<0.531459	1	2	213
0.53408810053952	0.537209264701232	1 0.535648682620376	X2<0.535649	1	2	214
0.537209264701232	0.539619093062356	1 0.538414178881794	X2<0.538414	1	2	216
0.539619093062356	0.542446065926924	1 0.54103257949464	X2<0.541033	1	2	217
0.542446065926924	0.555218979716301	1 0.548832522821613	X2<0.548833	1	2	220
0.555218979716301	0.570300949504599	1 0.56275996461045	X2<0.562760	1	2	224
0.570300949504599	0.574372727656737	1 0.572336838580668	X2<0.572337	1	2	228
0.574372727656737	0.594118564389646	1 0.584245646023192	X2<0.584246	1	2	231
0.594118564389646	0.602798665873706	1 0.598458615131676	X2<0.598459	1	2	233
0.602798665873706	0.604884260566905	1 0.603841463220306	X2<0.603841	1	2	234
0.604884260566905	0.605647755786777	1 0.605266008176841	X2<0.605266	1	2	236
0.605647755786777	0.611460734857246	1 0.608554245322011	X2<0.608554	1	2	237
0.611460734857246	0.62698481651023	1 0.619222775683738	X2<0.619223	1	2	238
0.62698481651023	0.629663853673264	1 0.628324335091747	X2<0.628324	1	2	241
0.629663853673264	0.632280522491783	1 0.630972188082524	X2<0.630972	1	2	243
0.632280522491783	0.640531400451437	1 0.63640596147161	X2<0.636406	1	2	244
0.640531400451437	0.644336043624207	1 0.642433722037822	X2<0.642434	1	2	246
0.644336043624207	0.645160361891612	1 0.64474820275791	X2<0.644748	1	2	247
0.645160361891612	0.652539103291929	1 0.648849732591771	X2<0.648850	1	2	248
0.652539103291929	0.65485711558722	1 0.653698109439574	X2<0.653698	1	2	250
0.65485711558722	0.65793322189711	1 0.656395168742165	X2<0.656395	1	2	251
0.65793322189711	0.658995781559497	1 0.658464501728304	X2<0.658465	1	2	253
0.658995781559497	0.670112134423107	1 0.664553957991302	X2<0.664554	1	2	255
0.670112134423107	0.670885495841503	1 0.670498815132305	X2<0.670499	1	2	259
0.670885495841503	0.671664241468534	1 0.671274868655019	X2<0.671275	1	2	260
0.671664241468534	0.675797854550183	1 0.673731048009358	X2<0.673731	1	2	261
0.675797854550183	0.678748692618683	1 0.677273273584433	X2<0.677273	1	2	262
0.678748692618683	0.681486446177587	1 0.680117569398135	X2<0.680118	1	2	264
0.681486446177587	0.686824688687921	1 0.684155567432754	X2<0.684156	1	2	265
0.686824688687921	0.689538966864348	1 0.688181827776134	X2<0.688182	1	2	266
0.689538966864348	0.691322281723842	1 0.690430624294095	X2<0.690431	1	2	268
0.691322281723842	0.692743511404842	1 0.692032896564342	X2<0.692033	1	2	269
0.692743511404842	0.696770017966628	1 0.694756764685735	X2<0.694757	1	2	270
0.696770017966628	0.704566315049306	1 0.700668166507967	X2<0.700668	1	2	272
0.704566315049306	0.706828978611156	1 0.705697646830231	X2<0.705698	1	2	273
0.706828978611156	0.708809185307473	1 0.707819081959315	X2<0.707819	1	2	275
0.708809185307473	0.713680299697444	1 0.711244742502458	X2<0.711245	1	2	276
0.713680299697444	0.738525302615017	1 0.72610280115623	X2<0.726103	1	2	278
0.738525302615017	0.744443612871692	1 0.741484457743354	X2<0.741484	1	2	281
0.744443612871692	0.747780841076747	1 0.746112226974219	X2<0.746112	1	2	283
0.747780841076747	0.752407587366179	1 0.750094214221463	X2<0.750094	1	2	284
0.752407587366179	0.754841333255172	1 0.753624460310675	X2<0.753624	1	2	286
0.754841333255172	0.755216216668487	1 0.755028774961829	X2<0.755029	1	2	287
0.755216216668487	0.758213603869081	1 0.756714910268784	X2<0.756715	1	2	289
0.758213603869081	0.764911714009941	1 0.761562658939511	X2<0.761563	1	2	292
0.764911714009941	0.767020934959874	1 0.765966324484907	X2<0.765966	1	2	294
0.767020934959874	0.772239736514166	1 0.76963033573702	X2<0.769630	1	2	295
0.772239736514166	0.777965647634119	1 0.775102692074142	X2<0.775103	1	2	297
0.777965647634119	0.784186411648989	1 0.781076029641554	X2<0.781076	1	2	299
0.784186411648989	0.794222777010873	1 0.789204594329931	X2<0.789205	1	2	301
0.794222777010873	0.799504384864122	1 0.796863580937497	X2<0.796864	1	2	304
0.799504384864122	0.808141406625509	1 0.803822895744815	X2<0.803823	1	2	306
0.808141406625509	0.809510399354622	1 0.808825902990066	X2<0.808826	1	2	307
0.809510399354622	0.815029826015234	1 0.812270112684928	X2<0.812270	1	2	310
0.815029826015234	0.819114487152547	1 0.81707215658389	X2<0.817072	1	2	313
0.819114487152547	0.826370720751584	1 0.822742603952065	X2<0.822743	1	2	315
0.826370720751584	0.829753480385989	1 0.828062100568786	X2<0.828062	1	2	317
0.829753480385989	0.835440672235563	1 0.832597076310776	X2<0.832597	1	2	319
0.835440672235563	0.839018759317696	1 0.83722971577663	X2<0.837230	1	2	322
0.839018759317696	0.848979947157204	1 0.84399935323745	X2<0.843999	1	2	325
0.848979947157204	0.853166818618774	1 0.851073382887989	X2<0.851073	1	2	327
0.853166818618774	0.854035486467183	1 0.853601152542979	X2<0.853601	1	2	328
0.854035486467183	0.857661027694121	1 0.855848257080652	X2<0.855848	1	2	331
0.857661027694121	0.858691586414352	1 0.858176307054237	X2<0.858176	1	2	333
0.858691586414352	0.861605958081782	1 0.860148772248067	X2<0.860149	1	2	334
0.861605958081782	0.861848484026268	1 0.861727221054025	X2<0.861727	1	2	335
0.861848484026268	0.87313848733902	1 0.867493485682644	X2<0.867493	1	2	337
0.87313848733902	0.873604407999665	1 0.873371447669342	X2<0.873371	1	2	340
0.873604407999665	0.874337470624596	1 0.87397093931213	X2<0.873971	1	2	341
0.874337470624596	0.880324190948159	1 0.877330830786377	X2<0.877331	1	2	342
0.880324190948159	0.880691584665328	1 0.880507887806743	X2<0.880508	1	2	344
0.880691584665328	0.885026358533651	1 0.882858971599489	X2<0.882859	1	2	345
0.885026358533651	0.887354608625174	1 0.886190483579412	X2<0.886190	1	2	346
0.887354608625174	0.890829901676625	1 0.889092255150899	X2<0.889092	1	2	348
0.890829901676625	0.892734028398991	1 0.891781965037808	X2<0.891782	1	2	350
0.892734028398991	0.899250715039671	1 0.895992371719331	X2<0.895992	1	2	351
0.899250715039671	0.912917171837762	1 0.906083943438716	X2<0.906084	1	2	354
0.912917171837762	0.914174510864541	1 0.913545841351151	X2<0.913546	1	2	356
0.914174510864541	0.915917906211689	1 0.915046208538115	X2<0.915046	1	2	357
0.915917906211689	0.923896053107455	1 0.919906979659572	X2<0.919907	1	2	358
0.923896053107455	0.935812409734353	1 0.929854231420904	X2<0.929854	1	2	360
0.935812409734353	0.954311485867947	1 0.94506194780115	X2<0.945062	1	2	365
0.954311485867947	0.956425424199551	1 0.955368455033749	X2<0.955368	1	2	369
0.956425424199551	0.970960318809375	1 0.963692871504463	X2<0.963693	1	2	372
0.970960318809375	0.971980711910874	1 0.971470515360124	X2<0.971471	1	2	375
0.971980711910874	0.977714836830273	1 0.974847774370573	X2<0.974848	1	2	378
0.977714836830273	0.979721972020343	1 0.978718404425308	X2<0.978718	1	2	382
